{"cameraMode":{"drawMode":0,"name":"Shaded","section":"Shading Mode"},"sceneLighting":true,"audioPlay":false,"sceneViewState":{"m_AlwaysRefresh":false,"showFog":true,"showSkybox":true,"showFlares":true,"showImageEffects":true,"showParticleSystems":true,"showVisualEffectGraphs":true,"m_FxEnabled":true},"in2DMode":false,"pivot":{"x":70.76009368896485,"y":121.1171646118164,"z":2.6328601837158205},"rotation":{"x":-0.03448614105582237,"y":-0.021874072030186654,"z":0.0007401174516417086,"w":-0.9991787075996399},"size":187.03843688964845,"orthographic":false}