{"cameraMode":{"drawMode":0,"name":"Shaded","section":"Shading Mode"},"sceneLighting":false,"audioPlay":false,"sceneViewState":{"m_AlwaysRefresh":false,"showFog":true,"showSkybox":false,"showFlares":true,"showImageEffects":true,"showParticleSystems":true,"showVisualEffectGraphs":true,"m_FxEnabled":true},"in2DMode":false,"pivot":{"x":0.550000011920929,"y":2.0954036712646486,"z":0.20735085010528565},"rotation":{"x":-0.042186859995126727,"y":-0.9396132826805115,"z":0.31555503606796267,"w":-0.12562324106693269},"size":0.12247446924448013,"orthographic":false}